"county","H","M"
"NYC",0.150481594706186,0.206819077969447
"Monroe",0.216607742524644,0.258953362015684
"Erie",0.300363084554033,0.352512671772661
